location;text;texttype;level
"Forest";"Сделал зарубку на дереве, чтобы не потеряться.";calm;1
"Forest";"Прошел мимо ручья, попил водички. Вкусно, но магический привкус жгет горло.";calm;1
"Forest";"Нашел красивую полянку посреди леса, посидел, отдохнул. Чувствую себя готовым на подвиги.";calm;1
"Forest";"Нашел кучу грибов, но все оказались несъедобными, так что решил их не срезать.";calm;1
"Forest";"Издалека заметил, как волк гонится за зайцем. Решил спрятать своих солнечных зайчиков, покрыв грязью металлические вещи.";calm;1
"Forest";"Нашел берлогу медведя. Внутри никого не оказалось, и хорошо.";calm;1
"Forest";"Наткнулся на кустик с ягодами. Оказались съедобными.";berry;1
"Forest";"Наткнулся на несколько съедобных грибов.";mushroom;1
"Cave";"Мой факел погас и я споткнулся о камешек. Отделался легким ушибом и зажег факел обратно.";calm;1
"Cave";"test1";calm;2
"Cave";"test2";calm;2
"Cave";"test3";calm;2
"Cave";"test4";calm;2
"Cave";"test5";calm;2
"Cave";"test6";rock;2
"Cave";"test7";money;2
"Hell";"hell1";calm;3
"Hell";"hell2";calm;3
"Hell";"hell3";calm;3
"Hell";"hell4";cristall;3
"Hell";"hell5";money;3